{
    "rsi": {
        "rsi_14_1h": [
            {
                "timestamp": 1721005200000,
                "close": 60090.0,
                "RSI_14": 60.262283593
            }
        ],
        "rsi_14_4h": [
            {
                "timestamp": 1721001600000,
                "close": 60090.0,
                "RSI_14": 68.6687616387
            }
        ],
        "rsi_14_1d": [
            {
                "timestamp": 1721001600000,
                "close": 60090.0,
                "RSI_14": 48.0098624924
            }
        ],
        "rsi_14_1w": [
            {
                "timestamp": 1721001600000,
                "close": 60090.0,
                "RSI_14": 51.6433964468
            }
        ]
    },
    "moving_averages": {
        "ma_1h": [
            {
                "timestamp": 1721005200000,
                "close": 60090.0,
                "MA_5": null,
                "MA_20": null,
                "MA_60": null,
                "MA_120": null,
                "MA_200": null
            }
        ],
        "ma_4h": [
            {
                "timestamp": 1721001600000,
                "close": 60090.0,
                "MA_5": null,
                "MA_20": null,
                "MA_60": null,
                "MA_120": null,
                "MA_200": null
            }
        ],
        "ma_1d": [
            {
                "timestamp": 1721001600000,
                "close": 60090.0,
                "MA_5": null,
                "MA_20": null,
                "MA_60": null,
                "MA_120": null,
                "MA_200": null
            }
        ],
        "ma_1w": [
            {
                "timestamp": 1721001600000,
                "close": 60090.0,
                "MA_5": null,
                "MA_20": null,
                "MA_60": null,
                "MA_120": null,
                "MA_200": null
            }
        ]
    },
    "macd": {
        "macd_1h": [
            {
                "timestamp": 1721005200000,
                "close": 60090.0,
                "MACD": null,
                "Signal_Line": null,
                "MACD_Histogram": null,
                "Cross": "No Cross"
            }
        ],
        "macd_4h": [
            {
                "timestamp": 1721001600000,
                "close": 60090.0,
                "MACD": null,
                "Signal_Line": null,
                "MACD_Histogram": null,
                "Cross": "No Cross"
            }
        ],
        "macd_1d": [
            {
                "timestamp": 1721001600000,
                "close": 60090.0,
                "MACD": null,
                "Signal_Line": null,
                "MACD_Histogram": null,
                "Cross": "No Cross"
            }
        ],
        "macd_1w": [
            {
                "timestamp": 1721001600000,
                "close": 60090.0,
                "MACD": null,
                "Signal_Line": null,
                "MACD_Histogram": null,
                "Cross": "No Cross"
            }
        ]
    },
    "bollinger_bands": {
        "bollinger_1h": [
            {
                "timestamp": 1721005200000,
                "close": 60090.0,
                "Upper_Band": null,
                "Middle_Band": null,
                "Lower_Band": null
            }
        ],
        "bollinger_4h": [
            {
                "timestamp": 1721001600000,
                "close": 60090.0,
                "Upper_Band": null,
                "Middle_Band": null,
                "Lower_Band": null
            }
        ],
        "bollinger_1d": [
            {
                "timestamp": 1721001600000,
                "close": 60090.0,
                "Upper_Band": null,
                "Middle_Band": null,
                "Lower_Band": null
            }
        ],
        "bollinger_1w": [
            {
                "timestamp": 1721001600000,
                "close": 60090.0,
                "Upper_Band": null,
                "Middle_Band": null,
                "Lower_Band": null
            }
        ]
    },
    "stoch_oscil": {
        "stochastic_1h": [
            {
                "timestamp": 1721005200000,
                "close": 60090.0,
                "%K": null,
                "%D": null
            }
        ],
        "stochastic_4h": [
            {
                "timestamp": 1721001600000,
                "close": 60090.0,
                "%K": null,
                "%D": null
            }
        ],
        "stochastic_1d": [
            {
                "timestamp": 1721001600000,
                "close": 60090.0,
                "%K": null,
                "%D": null
            }
        ],
        "stochastic_1w": [
            {
                "timestamp": 1721001600000,
                "close": 60090.0,
                "%K": null,
                "%D": null
            }
        ]
    },
    "funding_rate": {
        "symbol": "BTCUSDT",
        "fundingTime": 1721001600055,
        "fundingRate": "-0.00300000"
    },
    "trend_signals": {
        "supertrend_1h": null,
        "supertrend_4h": null,
        "supertrend_1d": null,
        "supertrend_1w": null
    }
}